,startup
0,101-studios
1,10er
2,140-canvas
3,40-aprons
4,abby
5,addressbin
6,adleaf-technologies
7,adproval
8,akko
9,ansaro
10,aplano
11,asktina
12,aura
13,autto-in
14,awesomic
15,basetemplates
16,beardbrand
17,bediwin-information-services
18,beehiveid
19,bildr
20,birdy
21,bizzbee
22,blogging-for-devs
23,boston-apartment-hub
24,botnim
25,bounce
26,branch
27,brisk
28,browserless
29,bugfender
30,bunnyshell
31,busymind
32,buttercloth
33,cam-ly
34,campertunity
35,canary
36,career-sidekick
37,chowdy
38,circle
39,claimcompass
40,cold-email-studio
41,colorado-mobile-drug-testing
42,combat-flip-flops
43,community-coders
44,content-snare
45,copyai
46,corebook
47,crabi
48,creator-growth-lab
49,crossnet
50,css-for-js-developers
51,cuddli
52,curiouscheck
53,delite
54,deluxemaid
55,dick-at-your-door
56,dotahaven
57,dream-client-academy
58,edlatimore
59,eloquis
60,embarque
61,emit
62,encharge
63,endeavorun
64,eola
65,eventloot
66,explorevr
67,fantastic-house-buyers
68,feedcheck
69,festivilia
70,fibery
71,financer
72,flexiple
73,flexiple-2021
74,flexy
75,flux
76,formatically
77,freshconnect
78,friday
79,frontend-mentor
80,gadget-flow
81,gameslog
82,gawkbox
83,genm
84,gorails
85,graphite-docs
86,growsurf
87,growth-cave
88,growthmentor
89,gulp
90,gymlisted
91,habitify
92,habitual
93,haptly
94,hashtag-pirate
95,hawkers
96,hawthorne-strategies
97,headlime
98,headway
99,hello-tyro
100,helpwise
101,henry
102,hitronasplet
103,hot-barber
104,howell-market
105,hubrif
106,hubstaff
107,hyperstarter
108,imaginovation
109,impossible
110,ink
111,inked-sports
112,inovvorx
113,iwantthatflight
114,jobridge
115,joker-greeting
116,juice-startup
117,justreachout
118,kamua
119,kaya-gs
120,kimp
121,knownet
122,kolos
123,kopely
124,leadsbridge
125,legaats
126,leilo
127,lemlist
128,lernin-games
129,lets-reach-success
130,lieferoo
131,lifewave
132,linkody
133,liveagent
134,localtown
135,locationrebel
136,lockpick-entertainment
137,lunch-money
138,mailbrew
139,mangools
140,manyrequests
141,marketmuse
142,matboard-and-more
143,mealsurfers
144,melon
145,mentorcruise
146,metricspot
147,microconf
148,mishra-motors
149,mongoose-cricket
150,motionthink
151,motobox
152,mubert
153,muun
154,my-auto-shop
155,mycity
156,narcine
157,ne-lounge
158,nerdpilots
159,newco
160,no-code-founders
161,nogood
162,nox
163,okami-pack
164,ombori
165,onak
166,one-hour-professor
167,onepagetrip
168,oneup
169,openmargin
170,pactero
171,pagestead
172,park-io
173,pathways
174,patriot-chimney
175,patron-ai
176,pear-cards
177,phez
178,phoenix
179,photobooth-supply
180,photopea
181,plausible
182,playdate
183,plutoview
184,posture-keeper
185,price2spy
186,processkit
187,profitabilly
188,pull-reminders
189,puppet-pelts
190,qor360
191,quickhaggle
192,qwaiting
193,rankd-seo
194,raw-gains
195,rayna-tours
196,readership
197,reality-hunt
198,refolo
199,reform
200,refrens
201,rent-nest
202,rent-round
203,repairdesk
204,repitchbook
205,reroute-lifestyle
206,resumemaker
207,ringdaddy
208,rize
209,ropero
210,salonist
211,scalefusion
212,scout
213,scraper-api
214,scrapingbee
215,scream-pretty
216,seomator
217,sharkius
218,siempo
219,simplelogin
220,singulution
221,sinoficina
222,sisu-academy
223,snapshooter
224,sofetch
225,softwareideas
226,sport-draftr
227,spuds
228,stacking-the-bricks
229,standuply
230,station
231,stone
232,strengthrunning
233,stronger-u
234,swagup
235,swipes
236,swoop
237,syria-airlift-project
238,tactiq
239,tailor
240,taleship
241,tali
242,tally
243,tandem
244,tandem-app
245,teacher-finder
246,team-voice
247,teamometer
248,the-agent-nest
249,the-blogging-manifesto
250,the-careside
251,the-nerd-cave
252,the-punjab-kitchen
253,thepresence
254,toki
255,toygaroo
256,trackin
257,tuff
258,tweet-hunter
259,twitch-highlights
260,unicorn-platform
261,uptrend
262,upvoty
263,urban-masterclass
264,vacation-bird
265,vidico
266,viewst
267,vimcal
268,visualsitemaps
269,vivalatina
270,vo2-sportswear
271,vulpine
272,wantremotejob
273,waterproof-digital-camera
274,watu
275,wavve
276,waydev
277,wedmap
278,woovly
279,worldos
280,wotnot
281,wura
282,xena-intelligence
283,yottio
284,young-entrepreneurs-program
285,zapstream
286,zenmaid
287,zenoutreach
288,zogics
289,zor-technology
